                                   ESTABLECIMIENTOS DE SALUD DE 1ER NIVEL LA PAZ,,,
,,,
DEPARTAMENTO,MUNICIPIO,ESTABLECIMIENTO,DIRECCIÓN
LA PAZ,ACHACACHI,ACHACACHI,c. 6 de Agosto
LA PAZ,ACHACACHI,AJLLATA GRANDE,CANTON AJLLATA GRANDE
LA PAZ,ACHACACHI,CHALUYO,MUNICIPIO ACHACACHI
LA PAZ,ACHACACHI,CHIJIPINA CHICO,CIUDAD DE ACHACACHI
LA PAZ,ACHACACHI,CHOJNACALA,plaza principal de chojnacala
LA PAZ,ACHACACHI,COCOTONI,comunidad cocotoni
LA PAZ,ACHACACHI,CORPAPUTO,CORPAPUTO
LA PAZ,ACHACACHI,FRASQUIA,COMUNIDAD FRASQUIA
LA PAZ,ACHACACHI,JANKO AMAYA,tercera plaza de jancko amaya
LA PAZ,ACHACACHI,JAPURAYA BAJA,JAPURAYA  BAJA
LA PAZ,ACHACACHI,MURUMAMANI,CANTON MURUMAMANI
,,,AL LADO DEL LA  UNIDAD EDUCUATIVA
LA PAZ,ACHACACHI,PUNGONHUYO,PONGONHUYO
LA PAZ,ACHACACHI,TACAMARA,COMUNIDAD TACAMARA
,,,"PRIMERA ZONA, CARRETERA HUARINA-"
LA PAZ,ACHACACHI,TOLA TOLA,SANTIAGO DE HUATA
LA PAZ,ACHACACHI,UMACHA (FRANZ TAMAYO),COMUNIDAD DE CORPA CALA CALA
,,,LOCALIDAD  VILLA LIPE - CAMINO SANTIAGO DE
LA PAZ,ACHACACHI,VILLA CARMEN LIPE,HUATA
,,,MUNICIPIO DE ACHACACHI COMUNIDAD
LA PAZ,ACHACACHI,WALATA GRANDE,WALATA GRANDE EN LA  PLAZA PRINCIPAL
,,,CARRETERA ACHACACHI - SORATA S/N AL
LA PAZ,ACHACACHI,WARIZATA,FRENETE DE ESFM
LA PAZ,ACHOCALLA,ACHOCALLA,COMUNIDAD PACAJES FRENTE AL LAGO
,,,ZONA ILLIMANI AV MARCELO QUIROGA SANTA
LA PAZ,ACHOCALLA,C.S.A. NORTE ACHOCALLA,CRUZ
,,,MUNICIPIO DE ACHOCALLA / CANTÓN ASUNTA
LA PAZ,ACHOCALLA,LAYURI,QUILLVIRI
LA PAZ,ACHOCALLA,TUNI,TUNI
DEPARTAMENTO,MUNICIPIO,ESTABLECIMIENTO,DIRECCIÓN
LA PAZ,ALTO BENI,BELLA VISTA - LA PAZ,COMUNIDAD  BELLA VISTA
LA PAZ,ALTO BENI,BORG,SUAPI KM 73 - ALTO BENI
LA PAZ,ALTO BENI,KOLLASUYO,COMUNIDAD KOLLASUYO
,,,"VILLA LITORAL AREA IV,MUNICIPIO ALTO BENI,"
LA PAZ,ALTO BENI,LITORAL,PROVINCIA CARANAVI
,,,"Provincia Caranavi, Municipio Alto Beni,"
LA PAZ,ALTO BENI,MERCEDES,"Comunidad Mercedes, Distrito II"
LA PAZ,ALTO BENI,SAN ANTONIO (CARANAVI),SAN ANTONIO
LA PAZ,ALTO BENI,SARARIA,ALTO BENI DISTRITO IV SARARIA
,,,"PORVENIR, MUNICIPIO ALTO BENI, PROVINCIA"
LA PAZ,ALTO BENI,VILLA EL PORVENIR,CARANAVI
LA PAZ,ANCORAIMES,ANCORAIMES,ZONA BOLIVAR
LA PAZ,ANCORAIMES,C.S.A  MOROCOLLO,COMUNIDAD  MOROCOLLO
,,,CANTON CAJIATA CARRETERA TRONCAL LA PAZ -
LA PAZ,ANCORAIMES,CAJIATA,ANCORAIMES
,,,
LA PAZ,ANCORAIMES,CHEJEPAMPA,Av. La Paz entre calles Omasuyos y Kullasuyo
LA PAZ,ANCORAIMES,CHOJNAPATA,PLAZA  DE CHOJÑAPATA
LA PAZ,ANCORAIMES,INCA KATURAPI,CAMINO A CATUHUAYA - INCA KATURPI
,,,SOBRE LA CARRETERA ACHACACHI A
LA PAZ,ANCORAIMES,POCOATA,ANCORAIMES
LA PAZ,ANCORAIMES,VILLA MACA MACA,SOBRE LA CARRETERA A MINA MATILDE
LA PAZ,APOLO,APOLO,AV. LITORAL SIN NUMERO
LA PAZ,APOLO,ATEN,Aten Municipio de Apolo
LA PAZ,APOLO,PUCASUCHO,PUCASUCHO
LA PAZ,APOLO,PUCHAHUI,Plaza de la comunidad de Puchahui
,,,MUNICIPIO APOLO CANTON SANTA CRUZ DEL
LA PAZ,APOLO,SANTA CRUZ  VALLE AMENO,VALLE AMENO
LA PAZ,APOLO,SIPHIA,COMUNIDAD SIPHIA
LA PAZ,APOLO,YANAMAYO,COMUNIDAD YANAMAYO
LA PAZ,AUCAPATA,AUCAPATA,Comunidad Aucapata
LA PAZ,AUCAPATA,HUANCO,COMUNIDAD HUANCO PALLALLANI
LA PAZ,AUCAPATA,MEMECONI,COMUNIDAD MEMECONI
DEPARTAMENTO,MUNICIPIO,ESTABLECIMIENTO,DIRECCIÓN
LA PAZ,AUCAPATA,PUSILLANI,CANTON PUSILLANI
LA PAZ,AUCAPATA,ROSARIO (LPZ),COMUNIDAD ROSARIO
LA PAZ,AUCAPATA,YANAHUAYA,COMUNIDAD YANAHUAYA
,,,PLAZA AYATA A DOS CUADRAS  CAMINO A
LA PAZ,AYATA,AYATA,TITICACHI
LA PAZ,AYATA,CAMATA,GOBIERNO MUNICIPAL DE AYATA
LA PAZ,AYATA,CUIBAJA,MUNICIPIO DE AYATA DISTRITO CUIBAJA
LA PAZ,AYATA,MOLLO,Mollo
LA PAZ,AYATA,SAYHUANI,Municipio Ayata distrito Sayhuani
LA PAZ,AYO AYO,AYO AYO,AYO AYO
LA PAZ,AYO AYO,CUMBRE VILACOTA,CUMBRE VILACOTA
LA PAZ,AYO AYO,EL THOLAR,PLAZA 5 DE FEBRERO
LA PAZ,AYO AYO,VILLA CARMEN (LPZ),caton villa carmen
LA PAZ,BATALLAS,BATALLAS,PLAZA RENE BARRIENTOS S/N BATALLAS
LA PAZ,BATALLAS,CHACHACOMANI,COMUNIDAD CHACHACOMANI
LA PAZ,BATALLAS,KERANI,KERANI
LA PAZ,BATALLAS,PEÑAS,COMUNIDAD PEÑAS
LA PAZ,BATALLAS,TUQUIA,COMUNIDAD TUQUIA
LA PAZ,CAIROMA,CAIROMA,cairoma
,,,"Comunidad Corocuta, provincia Loayza,"
LA PAZ,CAIROMA,COROCUTA,Departamento La Paz
LA PAZ,CAIROMA,HUARA,cairoma
LA PAZ,CAIROMA,LLOJA,ARRIBA DE LA PLAZA
LA PAZ,CAIROMA,MACHACAMARCA,MACHACAMARCA
LA PAZ,CAIROMA,P.S. ARACA EL ASIENTO,ARACA ASIENTO
,,,MUNICIPIO DE CAIROMA COMUNIDAD DE
LA PAZ,CAIROMA,SACANI,SACANI
LA PAZ,CAIROMA,TORREPAMPA,TORREPAMPA
LA PAZ,CAIROMA,UCHUMBAYA,COMUNIDAD UCHUMBAYA EN LA CANCHA
LA PAZ,CAIROMA,VILOCO,ZONA  CALACHACA VILOCO
LA PAZ,CAJUATA,CAJUATA,VILLA ANGELICA S/N
LA PAZ,CAJUATA,CANAMINA,CANTON CAÑAMINA.MUNICIPIO CAJUATA
LA PAZ,CAJUATA,CIRCUATA,CANTON CIRCUATA
DEPARTAMENTO,MUNICIPIO,ESTABLECIMIENTO,DIRECCIÓN
LA PAZ,CAJUATA,HUARITOLO,CANTON HUARITOLO
,,,DETRAS DE LA CASA DE MURILLO EN LA PLAZA
LA PAZ,CAJUATA,SURI,MURILLO
LA PAZ,CAJUATA,VILLA KHORA,VILLA KHORA
LA PAZ,CALACOTO,CALACOTO,CALACOTO
LA PAZ,CALACOTO,CONDORIQUINA,CONDORIQUINA
LA PAZ,CALACOTO,GRAL.CAMPERO,GNERAL CAMPERO
LA PAZ,CALACOTO,JANKO MARCA PACAJES,JANKO MARCA
LA PAZ,CALACOTO,OKORURO,OKORURO
LA PAZ,CALACOTO,TARQUIAMAYA,TARQUIAMAYA
LA PAZ,CALACOTO,ULLOMA LERCO,Ulloma Lerco
LA PAZ,CALAMARCA,CALAMARCA,Calamarca
LA PAZ,CALAMARCA,CALUYO,COMUNIDAD CALUYO
LA PAZ,CALAMARCA,LA JOYA,KM57 CARRRTERA LA PAZ ORURO
,,,"Km 45, san antonio de Senkata, carretera La Paz-"
LA PAZ,CALAMARCA,SAN ANTONIO - CALAMARCA,Oruro
LA PAZ,CALAMARCA,SIVICANI,GAM de Calamarca
LA PAZ,CALAMARCA,VILAQUE COPATA,Actualizar
LA PAZ,CAQUIAVIRI,ACHIRI,ACHIRI
,,,
LA PAZ,CAQUIAVIRI,ANTAQUIRA,"PROVINCIA PACAJES, MUNICIPIO CAQUIAVIRI"
LA PAZ,CAQUIAVIRI,CAQUIAVIRI,Plazuela Maria Auxiliadora
LA PAZ,CAQUIAVIRI,CHOCOROSI,VILLA CHOCOROSI
,,,
LA PAZ,CAQUIAVIRI,JIHUACUTA,PROVINCIA PACAJES MUNICIPIO CAQUIAVIRI
LA PAZ,CAQUIAVIRI,KALLA LLALLAGUA,KALLALLALLAGUA
LA PAZ,CAQUIAVIRI,KASILLUNCA,kasillunca
,,,
LA PAZ,CAQUIAVIRI,VICHAYA,A una cuadra de la plaza principal de vichaya II
LA PAZ,CAQUIAVIRI,VILLA ANTA,Plaza central villa anta sin nro
LA PAZ,CARANAVI,ALCOCHE,CALLE AVAROA S/N
LA PAZ,CARANAVI,C.S. SANTA  ANA DE CARANAVI,COLONIA SANTA ANA
LA PAZ,CARANAVI,C.S. VILLA LA PAZ,CALLE POTOSI/ AV. S/N Y CALLE 4
DEPARTAMENTO,MUNICIPIO,ESTABLECIMIENTO,DIRECCIÓN
LA PAZ,CARANAVI,CALAMA,CANTON CALAMA
LA PAZ,CARANAVI,CARRASCO LA RESERVA,caranavi carrasco la reserva zona central s/n
LA PAZ,CARANAVI,ENTRE RIOS,Avenida Guillermo Molina
LA PAZ,CARANAVI,LLUSTA II,COLONIA NUEVA LLUSTA
LA PAZ,CARANAVI,LOS ANDES,Comunidad illimani
,,,"Colonia Moscovia, Canton Carrasco la Reserva,"
LA PAZ,CARANAVI,MOSCOVIA,prov. Caranavi
,,,
LA PAZ,CARANAVI,NOR-ESTE,CENTRAL  NOR ESTE CANTON CARANAVI RURAL
LA PAZ,CARANAVI,REHABILITACION CARANAVI,CALLE 16 DICIEMBRE ENTRE CALLE B
LA PAZ,CARANAVI,SAN LORENZO - CARANAVI,CANTON SAN LORENZO
LA PAZ,CARANAVI,SAN PABLO,CANTÓN SAN PABLO
,,,"LA PAZ, PROVINCIA CARANAVI, MUNICIPIO"
LA PAZ,CARANAVI,SAN PEDRO DE CARANAVI,"CARANAVI, LOCALIDAD DE SAN PEDRO"
LA PAZ,CARANAVI,SANTA FE,SANTA FE AV. GUALBERTO VILLARROEL
LA PAZ,CARANAVI,TAYPIPLAYA,ZONA CENTRAL
LA PAZ,CARANAVI,UYUNENSE,Plaza Principal de Canton Uyunense
LA PAZ,CARANAVI,VILLA ELEVACION,CANTON VILLA ELEVACION
LA PAZ,CARANAVI,VILLAMONTES,VILLAMONTES
,,,PROVINCIA JOSE MANUEL PANDO MUNICIPIO
LA PAZ,CATACORA,CATACORA,CATACORA
,,,Pairumani Grande-Provincia General José
LA PAZ,CATACORA,PAIRUMANI,Manuel Pando
LA PAZ,CATACORA,TOLACOLLO,COMUNIDAD TOLACOLLO
LA PAZ,CHACARILLA,CHACARILLA,PLAZA PRINCIPAL DE CHACARILLA
LA PAZ,CHACARILLA,PACOLLO,COMUNIDAD SAN JUAN PACOLLO
LA PAZ,CHARAÑA,CHARANA,PLAZA 6 DE AGOSTO
LA PAZ,CHARAÑA,GENERAL PEREZ,GENERAL PEREZ
LA PAZ,CHARAÑA,SEPULTURAS,Sepulturas
,,,CARRETERA PANAMERICANA CAMINO A
,,,"COPACABANA S/N, LADO BATALLON DE"
LA PAZ,CHUA COCANI,CHUA COCANI,INFANTERIA MARITIMA
DEPARTAMENTO,MUNICIPIO,ESTABLECIMIENTO,DIRECCIÓN
,CHULUMANI (V. DE LA,,
LA PAZ,LIBERTAD),CHIRCA,chirca
,CHULUMANI (V. DE LA,,
LA PAZ,LIBERTAD),COLPAR,plaza de la comunidad el colpar
,CHULUMANI (V. DE LA,,
LA PAZ,LIBERTAD),HUANCANE,LOCALIDAD HUANCANE
,CHULUMANI (V. DE LA,,
LA PAZ,LIBERTAD),OCOBAYA,ocobaya chulumani
,CHULUMANI (V. DE LA,,municipio de chulumani distrito siete central
LA PAZ,LIBERTAD),TAJMA,tajma
LA PAZ,CHUMA,CHAJLAYA,Chajlaya
LA PAZ,CHUMA,CHUMA,ZONA PAQUELA DE LA PLAZA HACIA ARRIBA
,,,A3 KM. CANTON PLAZATIULUNI- COMUNIDAD
LA PAZ,CHUMA,HUALLAPA,HULLAPA CAMINO A COLEGIO
LA PAZ,CHUMA,JICHUHUAYA,JICHUHUAYA
,,,DE LA PLAZA HACIA ARRIBA COMUNIDAD
LA PAZ,CHUMA,SOCOCONI,SOCOCONI
,,,A LADO DE LA U.E. TIMUSI Y LA CANCHA DE LA
LA PAZ,CHUMA,TIMUSI,COMUNIDAD
LA PAZ,COLLANA,COLLANA (COLLANA),COLLANA
LA PAZ,COLLANA,HICHURAYA,CANTÓN HICHURAYA CHICO
LA PAZ,COLLANA,UNCALLAMAYA,UNCALLAMAYA
LA PAZ,COLQUENCHA,COLQUENCHA,calle LaPaz s/n colquencha
LA PAZ,COLQUENCHA,MACHACAMARCA,Plaza Central Machacamarca
,,,Calle San Juan S/N a dos cuadras de plaza 16 de
LA PAZ,COLQUENCHA,MARQUIRIVI,Julio
LA PAZ,COLQUENCHA,MICAYA,AV. MICAYA S/N
LA PAZ,COLQUENCHA,STGO.DE LLALLAGUA,Plaza central Santiago de Llalagua
LA PAZ,COLQUIRI,AJAMARCA,AJAMARCA
LA PAZ,COLQUIRI,ANCOCOTA,ANCOCOTA
,,,"COMUNIDAD CALUYO, MUNICIPIO COLQUIRI,"
LA PAZ,COLQUIRI,CALUYO,DEPARTAMENTO DE LA PAZ
LA PAZ,COLQUIRI,CAQUENA,MUNICIPIO DE COLQUIRI
DEPARTAMENTO,MUNICIPIO,ESTABLECIMIENTO,DIRECCIÓN
LA PAZ,COLQUIRI,COLQUIRI,zona incalacaya s/n
LA PAZ,COLQUIRI,LLANQUERA,LLANQUERA
LA PAZ,COLQUIRI,MOHOZA LANZA,mohoza
LA PAZ,COLQUIRI,PAUCA,PAUCA
LA PAZ,COLQUIRI,PIPINI,Plaza Central de Pipini (Zona
LA PAZ,COLQUIRI,SALLALLI,COMUNIDAD SALLALLI
LA PAZ,COLQUIRI,TULTUANI (CORIRI),CORIRI
LA PAZ,COLQUIRI,UYUNI,PUESTO DE SALUD UYUNI
LA PAZ,COMANCHE,CANTUYO,"Comunidad cantuyo, Municipio Comanche"
LA PAZ,COMANCHE,COMANCHE,COMANCHE
LA PAZ,COMANCHE,ROSAPATA TULI,ROSAPATA TULI
LA PAZ,COMBAYA,COMBAYA,COMBAYA PLAZA 14 DE SEPTIEMBRE
LA PAZ,COMBAYA,HUAYCHO,MUNICIPIO DE COMBAYA
LA PAZ,COMBAYA,SOREJAYA,SOREJAYA
LA PAZ,COMBAYA,TICAMBLAYA,COMUNIDAD TICAMBLAYA
LA PAZ,COPACABANA,COPACABANA,COMUNIDAD COPACABANA
,,,
LA PAZ,COPACABANA,HUACUYO,ZONA COLQUEPATA / COMUNIDAD HUACUYO
LA PAZ,COPACABANA,ISLA DEL SOL,ISLA DEL SOL EL YUMANI
LA PAZ,COPACABANA,SIRIPACA,comunidad de siripaca
,,,
LA PAZ,CORIPATA,ARAPATA,AVENIDA PRINCIPAL FRENTE AL CEMENTERIO
LA PAZ,CORIPATA,CORIPATA,Municipio Coripata. Canton Coripata
LA PAZ,CORIPATA,MILLIHUAYA,Comunidad Millihuaya
LA PAZ,CORIPATA,SAN JUAN (LPZ),san juan coripata
LA PAZ,CORIPATA,SANTIAGO TOCORONI,Santiago Tocoroni
LA PAZ,CORIPATA,TRINIDAD PAMPA,av roma s/n trinidad pampa
LA PAZ,CORO CORO,CAQUINGORA,caquingora a dos cuadras de la plaza s/n
LA PAZ,CORO CORO,CARLOS PALENQUE A. (TOHOPOCO),TOHOPOCO
LA PAZ,CORO CORO,COROCORO,AV 6 DE AGOSTO ESQUINA CARRASCO
LA PAZ,CORO CORO,ENEQUELLA,ENEQUELLA
DEPARTAMENTO,MUNICIPIO,ESTABLECIMIENTO,DIRECCIÓN
,,,AVENIDA 16 DE JULIO A DOS CUADRAS  DE LA
,,,PLAZA JOSE MANUEL PANDO DALIDA A
LA PAZ,CORO CORO,GENERAL PANDO,CALACOTO
LA PAZ,CORO CORO,JANKOMARKA SIRPA,A MEDIA CUADRA DE LA PLAZA PRINCIPAL
LA PAZ,CORO CORO,MURUPILAR,MURUPILAR
LA PAZ,CORO CORO,QUILLOMA,QUILLOMA
LA PAZ,CORO CORO,ROSAPATA HUANCARAMA,ROSAPATA HUANCARAMA
LA PAZ,COROICO,CHALLA,CHALLA
LA PAZ,COROICO,PACALLO,Nor Yungas Coroico Comunidad Pacallo
,,,
LA PAZ,COROICO,STA.ROSA QUILO QUILO,Nor Yungas Coroico Santa Rosa de Quilo quilo
LA PAZ,COROICO,SUAPI,COMUNIDAD SUAPI
,,,ZONA CENTRAL SERCA AL COLEGIO SAN JAN DE
LA PAZ,CURVA,CAALAYA,CAALAYA
LA PAZ,CURVA,CANUHUMA,COMUNIDAD TAYPI CAÑUHUMA
LA PAZ,CURVA,CURVA,"MUNICIPIO CURVA, PLAZA 2 DE FEBRERO"
,,,carretera internacional Panamericana Rio Seco
LA PAZ,DESAGUADERO,DESAGUADERO,Desaguadero Km.112
LA PAZ,DESAGUADERO,KEALLUMA,EN EL MISMO PUEBLO
LA PAZ,DESAGUADERO,SAN JUAN DE HUANCOLLO,COMUNIDAD SAN JUAN DE HUANCOLLO
LA PAZ,EL ALTO,12 DE OCTUBRE,Av. Tihuanaco s/n; Manzano 87
,,,ZONA 16 DE FEBRERO ENTRE CALLES
,,,BALDOMERO CASTELL Y PRIMERO DE MAYO SIN
LA PAZ,EL ALTO,16 DE FEBRERO,NUMERO
,,,urbanizacion1 de mayo distrito 3 municipio el
LA PAZ,EL ALTO,1RO DE MAYO,alto
,,,"ZONA  3  DE MAYO, AV. OROPEZA, ENTRE CALLES"
LA PAZ,EL ALTO,3 DE MAYO,LUIS TABORGA Y ELEODORO AYLLON
,,,"El Alto, Urb. 6 de Junio Av.- Las Kantutas entre"
LA PAZ,EL ALTO,6 DE JUNIO,Av.- 2 de agosto S/N
LA PAZ,EL ALTO,ALPACOMA BAJO,LOS TULIPANES 100
LA PAZ,EL ALTO,ALTO CHIJINI- U.V.A.,AV.SANTA CRUZ CALLE 6 S/N
DEPARTAMENTO,MUNICIPIO,ESTABLECIMIENTO,DIRECCIÓN
,,,ZONA ALTO LIMA SEGUNDA SECCION  AV.
LA PAZ,EL ALTO,ALTO LIMA 2 SECCION,HUAYNA POTOSI
,,,ZONA ALTO LIMA III CALLE TIAHUANCU N 58
LA PAZ,EL ALTO,ALTO LIMA III,entre avenida 6 y 7
,,,ZONA ALTO LIMA 4TA SECCION AV VERACRUZ Y
LA PAZ,EL ALTO,ALTO LIMA IV,PACIFICO
LA PAZ,EL ALTO,ASUNCION SAN PEDRO,"Calle Ramon Mariaca, Esq Av. Litoral"
,,,URB. ATIPIRIS  CALLE GRIGOTA S/N ZONA
LA PAZ,EL ALTO,ATIPIRIS,SENKATA
,,,"PLAZA BRASIL,CALLE EL CARMEN RIO VERDE, AV"
LA PAZ,EL ALTO,BRASIL,PRINCIPAL LUIS ESPINAL
,,,"CALLE MANUEL SANAHUJA S/N, ESQ. OBISPO"
LA PAZ,EL ALTO,CALAMA,SANTIESTEBAN
LA PAZ,EL ALTO,CEJA EL ALTO - CRA,Ceja el Alto avenida Juan Pablo segundo
,,,
,,CENTRO DE SALUD INTEGRAL COMUNITARIO,"Zona Alto Lima 1ra Seccion, entre Av. Adrian"
LA PAZ,EL ALTO,CHACALTAYA,"Castillo y Eduardo Avaroa, plaza Germán Busch"
,,,CEJA DE EL ALTO EDIFICIO CRA N/ 100 FRENTE A
LA PAZ,EL ALTO,CEVICOS EL ALTO,PLAZA CIVICA
,,,AVENIDA CARANAVI / CALLE JULIAN APAZA
LA PAZ,EL ALTO,CHIJINI CHICO- U.V.A.,N°1000
LA PAZ,EL ALTO,COPACABANA,Av. Oleoducto/ Av Illimani calle Coroico
LA PAZ,EL ALTO,COSMOS 79,Cosmos 79 Av. Coquingora
,,,"CAMINO LAJA, Z/FRANZ TAMAYO, AV PASEO EL"
LA PAZ,EL ALTO,FRANZ TAMAYO,PRADO
LA PAZ,EL ALTO,GERMAN BUSCH,AV. ANTAQUIRA S/N
,,,AVENIDA MONJE ZAPATA N 55 ZONA HUAYNA
LA PAZ,EL ALTO,HUAYNA POTOSI,POTOSI
,,,
LA PAZ,EL ALTO,LOS PINOS EL ALTO,Avenida Circunvalacio altura puente vela S/N
LA PAZ,EL ALTO,LOTES Y SERVICIOS,RIO SECO AV JUAN LECHIN OQUENDO
LA PAZ,EL ALTO,LUIS ESPINAL (EL ALTO),"Av, Punata, esquina Av. Ayopaya"
LA PAZ,EL ALTO,M. MADRE DE DIOS V. D.,VILLA DOLORES CALLE 3 SN
DEPARTAMENTO,MUNICIPIO,ESTABLECIMIENTO,DIRECCIÓN
,,,"ENRIQUE ZEBALLOS, ESQ. CALLE OVIDIO"
LA PAZ,EL ALTO,MERCEDARIO,URIOSTE
LA PAZ,EL ALTO,MERCEDES,C/VICENTE OCHOA SIN NUMERO
,,,NUEVOS HORIZONTES CONVIFABG PLAZA UNION
LA PAZ,EL ALTO,NUEVOS HORIZONTES,ARABE AV/GUADALQUIVIR
LA PAZ,EL ALTO,OCOMISTO,Camino a Laja/Altura surtidor Chusamarka
,,,ZONA PLAN VIVIENDA VILLA ESPERANZA  AV.
LA PAZ,EL ALTO,PLAN VIVIENDA VILLA ESPERANZA,ARSADE Y CALLEJON PEATONAL N/57
LA PAZ,EL ALTO,POMAMAYA,Zona Pomamaya
LA PAZ,EL ALTO,PREFECTURAL,ZONA PREFECTUERAL
,,,"ZONA PUERTO CAMACHO, ENTRE LA AV. SIMON"
LA PAZ,EL ALTO,PUERTO CAMACHO,BOLIVAR Y C/TIHUANACO NRO 25
LA PAZ,EL ALTO,PUERTO MEJILLONES,Zona Puerto Mejillones avenida tres  s/n
,,,
LA PAZ,EL ALTO,ROMERO PAMPA,AV. CARDOSANTO SN ZONA ROMERO PAMPA
LA PAZ,EL ALTO,ROSAS PAMPA,ZONA ROSAS PAMPA CALLE 25 SN
,,,ZONA SAN FRANCISCOP II CALLE SAN FRANCISCO
LA PAZ,EL ALTO,SAN FRANCISCO,DE SALES S/N
LA PAZ,EL ALTO,SAN JOSE DE CHARAPAQUI II,CALLE SAN SIMON Y AVENIDA POTOSI #400
LA PAZ,EL ALTO,SAN JOSE DE YUNGUYO,San Jose De Yunguyo - Rio  Seco D-4
LA PAZ,EL ALTO,SAN JUAN KENKO,Calle Manuel Penaranda
LA PAZ,EL ALTO,SAN MARTIN,"Zona San Martin, distrito 12"
LA PAZ,EL ALTO,SAN ROQUE (EL ALTO),"ZONA SAN ROQUE, AV PANAMERICANA"
,,,CALLE4 NRO 44 AVENIDA CIVICA Y AVENIDA
LA PAZ,EL ALTO,SANTA ROSA (LPZ-EL ALTO),LITORAL
,,,CALLE EDUARDO CARRANZA U FRANCO
LA PAZ,EL ALTO,SANTA ROSA DE LIMA,BEDREGAL ZONA SANTA ROSA DE LIMA
,,,PLAZA TRIANGULAR AVENIDA SATELITE Y AV. J.
LA PAZ,EL ALTO,SANTIAGO I,BADANI
LA PAZ,EL ALTO,SANTIAGO II,Z. SANTIAGO II CALLES 13 Y 14
LA PAZ,EL ALTO,SENKATA,calle llullayllacu s/n zona senkata
LA PAZ,EL ALTO,UNIFICADA POTOSI,PLAZA PRINCIPAL UNIFICADA POTOSI
DEPARTAMENTO,MUNICIPIO,ESTABLECIMIENTO,DIRECCIÓN
,,,ZONA URBANIZACION EL KENKO ENTRE CALLES
LA PAZ,EL ALTO,URBANIZACION KENKO,14 Y 15
LA PAZ,EL ALTO,VENTILLA,Ventilla Zona: Utamahua calle: Sajama s/n
LA PAZ,EL ALTO,VILLA ADELA,"Villa Adela, C. Roma y Brasil S/N"
,,,AVENIDA LADISLAO CABRERA - CARRETERA A
LA PAZ,EL ALTO,VILLA AVAROA,VIACHA ENTRE CALLES 144 Y 145
LA PAZ,EL ALTO,VILLA COOPERATIVA,Z/Villa Cooperativa
LA PAZ,EL ALTO,VILLA EXALTACION,VILLA EXALTACION 2DA SECCION CALLE 6 SN
,,,"Z/ VILLA INGENIO ,  AV  LUIS ESPINAL , LADO"
LA PAZ,EL ALTO,VILLA INGENIO,IGLESIA CRISTO REDENTOR
LA PAZ,EL ALTO,VILLA TUNARI,ZONA VILLA TUNARI CALLE MISQUE S/N
,,,CAMINO A LAJA DETRAS EL SURTIDOR  SEÑOR
,,,DE MAYO AV. AVADIA MENDEZ  CALLE JULIO
LA PAZ,EL ALTO,VILLA YUNGUYO,TORI
LA PAZ,ESCOMA,CHALLAPATA,PLAZA PRINCIPAL
,GRAL. J.J. PEREZ,,
LA PAZ,(CHARAZANI),AMARETE,Athun Ayllu Amarete
,GRAL. J.J. PEREZ,,
LA PAZ,(CHARAZANI),CAATA,"Camino Curva, Comunidad Santa Rosa de Caata"
,GRAL. J.J. PEREZ,,CHARAZANI CALLE S/N 1 CUADRA DE PLAZA 16
LA PAZ,(CHARAZANI),CHARAZANI,DE JULIO
,GRAL. J.J. PEREZ,,
LA PAZ,(CHARAZANI),CHULLINA,Localidad de Chullina frente a la cancha
,GRAL. J.J. PEREZ,,
LA PAZ,(CHARAZANI),COTAPAMPA,COMUNIDAD COTAPAMPA
,GRAL. J.J. PEREZ,,CAMINO CARRETERO A APOLO RIO
LA PAZ,(CHARAZANI),FLORIDA (LPZ),QUITACALZON
,GRAL. J.J. PEREZ,,
LA PAZ,(CHARAZANI),HUATO,HUATO
,GRAL. J.J. PEREZ,,COMUNIDAD SOTOPATA CAMINO CARRETERO
LA PAZ,(CHARAZANI),SOTOPATA,APOLO
LA PAZ,GUANAY,AMAGUAYA,Amaguaya
LA PAZ,GUANAY,CANDELARIA,candelaria
DEPARTAMENTO,MUNICIPIO,ESTABLECIMIENTO,DIRECCIÓN
LA PAZ,GUANAY,CARURA,calle oruro
,,,
LA PAZ,GUANAY,GUANAY,Calle 6 de Agosto Esquina Calle Carlos Crespo
LA PAZ,GUANAY,TANIPLAYA,Taniplaya
LA PAZ,GUANAY,VILLA FLORIDA,Villa Florida
,,,
LA PAZ,GUAQUI,ANDAMARCA,"Comunidad Andamarca, Cerca de casa cultural"
LA PAZ,GUAQUI,COPAJIRA,COPAJIRA
LA PAZ,GUAQUI,GUAQUI,PUERTO GUAQUI AV.BALLIVIAN
,,,"MUNICIPIO GUAQUI, COMUNIDAD KASSA SANTA"
LA PAZ,GUAQUI,KASSA STA. ROSA,"ROSA, CAMINO A DESAGUADERO"
LA PAZ,HUARINA,C.S. WEKARANI,Comunidad Wekarani
,,,
LA PAZ,HUARINA,COROMATA  ALTA,"MUNICIPIO HUARINA, PROVINCIA OMASUYOS"
LA PAZ,HUARINA,COROMATA BAJA,COROMATA BAJA -PLAZA PRINCIPAL
,,,
LA PAZ,HUARINA,HUARINA,HUARINA Z. ARASAYA CALLE CONFEDERACION
,,,Avenida Panamericana (carretera La Paz
LA PAZ,HUATAJATA,HUATAJATA,Copacabana)
LA PAZ,HUATAJATA,SANKA JAHUIRA,SANKAJAHUIRA
LA PAZ,HUMANATA,HUMANATA,Humanata
LA PAZ,HUMANATA,PACOLLA,PACOLLA
LA PAZ,ICHOCA,FRANZ TAMAYO - ICHOCA,CANTON FRANZ TAMAYO
,,,MUNICIPIO ICHOCA CANTON GERMAN BUSCH
LA PAZ,ICHOCA,GERMAN BUSCH,COMUNIDAD PACOLLO
LA PAZ,ICHOCA,ICHOCA,ichoca
LA PAZ,ICHOCA,LURUTA,luruta
LA PAZ,ICHOCA,SAN ANTONIO DE SIRARANI,SAN ANTONIO
LA PAZ,INQUISIVI,ARCOPONGO,ARCOPONGO
LA PAZ,INQUISIVI,CAPIÑATA,PLAZA CAPINATA
LA PAZ,INQUISIVI,CAVARI,CANTON CAVARI
LA PAZ,INQUISIVI,COPACABANA (LPZ),COPACABANA
LA PAZ,INQUISIVI,INQUISIVI,INQUISIVI
DEPARTAMENTO,MUNICIPIO,ESTABLECIMIENTO,DIRECCIÓN
LA PAZ,INQUISIVI,KANAMARCA,CANTON KANAMARCA
LA PAZ,INQUISIVI,PATOHOCO,CANTON PATOHOCO
LA PAZ,INQUISIVI,POCUSCO,Pocusco
LA PAZ,INQUISIVI,SIGUAS,CANTON SIGUAS
LA PAZ,INQUISIVI,VENTILLA,CENTRO DE SALUD VENTILLA
LA PAZ,INQUISIVI,YACUPAMPA,provincia inquisivi comunidad yacupampa
,,,"IRUPANA,CENTRAL AGRARIA ALIANZA ,HUIRI"
LA PAZ,IRUPANA (VILLA DE LANZ,A) C.S.A. HUARI NOGALANI,NOGALANI
,,,
LA PAZ,IRUPANA (VILLA DE LANZ,A) C.S.A. LEJNA,Lejna
,,,
LA PAZ,IRUPANA (VILLA DE LANZ,A) C.S.A. TOTORAL,Totoral
,,,
LA PAZ,IRUPANA (VILLA DE LANZ,A) CHICALOMA,plaza de chicaloma
,,,
LA PAZ,IRUPANA (VILLA DE LANZ,A) IRUPANA,ZONA CHURIACA - CAPANI
,,,
LA PAZ,IRUPANA (VILLA DE LANZ,A) LA PLAZUELA,LA PLAZUELA - PLAZA PRINCIPAL
,,,
LA PAZ,IRUPANA (VILLA DE LANZ,A) LAMBATE,CANTON LAMBATE
,,,
LA PAZ,IRUPANA (VILLA DE LANZ,A) LAZA,IRUPANA LAZA FRENTE A LA PLAZA
,,,
LA PAZ,IRUPANA (VILLA DE LANZ,A) PARIGUAYA,Plaza principal de paraguaya
,,,Comunidad Tableria Alta/Municipio
LA PAZ,IRUPANA (VILLA DE LANZ,A) TABLERIA ALTA,Irupana/Prov. Sud Yungas/Depto. La Paz
,,,
LA PAZ,IRUPANA (VILLA DE LANZ,A) TACA,Taca
,,,"Comunidad Tres Rios, Municipio de Irupana,"
LA PAZ,IRUPANA (VILLA DE LANZ,A) TRES RIOS,Provincia Sud Yungas
,,,"Victorio Lanza, Municipio Irupana, Provincia Sud"
LA PAZ,IRUPANA (VILLA DE LANZ,A) VICTORIO LANZA,"Yungas, La Paz"
LA PAZ,IXIAMAS,CARMEN DEL EMERO,PLAZA CENTRAL LADO DE LA ESCUELA
DEPARTAMENTO,MUNICIPIO,ESTABLECIMIENTO,DIRECCIÓN
LA PAZ,IXIAMAS,EL TIGRE,CANCHA DE LA COMUNIDAD
,,,
LA PAZ,IXIAMAS,ESPERANZA DEL MADIDI,Al noreste de la region del municipio de Ixiamas
LA PAZ,IXIAMAS,IXIAMAS,AV. HERNANI SILVA BARRIO SAN ANTONIO
,,,
LA PAZ,IXIAMAS,MANURIMI,PLAZA CENTRAL DE SANTA ROSA DE MANURIMI
LA PAZ,IXIAMAS,MERCEDEZ,PLAZA CENTRAL  COMUNIDAD MERCEDEZ
LA PAZ,IXIAMAS,TAHUA,Plaza central de Tahua
LA PAZ,IXIAMAS,TOROMONAS,PLAZA CENTRAL DE TOROMONAS
LA PAZ,JESUS DE MACHACA,CHAMA,"PUEBLO CHAMA, CARRETERA 104"
LA PAZ,JESUS DE MACHACA,CORPA,CENTRO DE SALUD INTEGRAL CORPA
LA PAZ,JESUS DE MACHACA,CUIPA,CUIPA
,,,
LA PAZ,JESUS DE MACHACA,JANCOHAQUE,ayllu jancohaqui abajo a carretera a aguallamaya
LA PAZ,JESUS DE MACHACA,JESUS DE MACHACA,DETRÁS DE IGLESIA JESÚS DE MACHACA
LA PAZ,JESUS DE MACHACA,KALLA BAJA,COMUNIDAD KALLA BAJA
LA PAZ,JESUS DE MACHACA,PARINA ARRIBA,Comunidad  Parina  Arriba
,,,SANTO DOMINGO DE MACHACA 1 CUADRA DE
LA PAZ,JESUS DE MACHACA,SANTO DOMINGO,LA PLAZA PRINCIPAL
LA PAZ,JESUS DE MACHACA,SULLCATITI KHONKHO,FRENTE A LA PLAZA DE LA IGLESIA
LA PAZ,LA ASUNTA,CHARIA,SUY YUNGAS LA ASUNTA CHARIA
LA PAZ,LA ASUNTA,COLOPAMPA,COLOPAMPA GRANDE
LA PAZ,LA ASUNTA,COTAPATA,SUD YUNGAS-LA ASUNTA
LA PAZ,LA ASUNTA,LA ASUNTA,La Asunta Zona 2
LA PAZ,LA ASUNTA,LAS MERCEDES,distrito las mercedes la Asunta Sud Yungas
,,,"PROV.SUD YUNGAS, MUNICIPIO LA ASUNTA."
LA PAZ,LA ASUNTA,PUERTO RICO,POBLACION PUERTO RICO
LA PAZ,LA ASUNTA,SIGUANI GRANDE,siguane grande la asunta sud yungas
,,,comunidad quinuni de municipio de La Asunta
LA PAZ,LA ASUNTA,STA.ROSA DE QUINUNI,Suy Yungas
,,,"PROVINCIA SUD YUNGAS, MUNICIPIO LA"
LA PAZ,LA ASUNTA,YANAMAYO,ASUNTA
LA PAZ,LA PAZ,18 DE MAYO,SEDE SOCIAL 18 DE MAYO
DEPARTAMENTO,MUNICIPIO,ESTABLECIMIENTO,DIRECCIÓN
LA PAZ,LA PAZ,8 DE DICIEMBRE,CALLE BENEDETTO VINCENTI S/N
,,,AV. CHACALTAYA  N 1502  - FRENTE ESCUELA
LA PAZ,LA PAZ,ACHACHICALA,INDUSTRIAL
,,,CALLE 15 ESQ. AV JUAN MANUEL CHINCHILLA -
LA PAZ,LA PAZ,ACHUMANI,ZONA DE ACHUMANI
LA PAZ,LA PAZ,AGUA DE LA VIDA,AVENIDA LA BANDERA S/N
LA PAZ,LA PAZ,ALCOREZA,AVENIDA FINAL ALCOREZA SIN NUMERO
LA PAZ,LA PAZ,ALTO IRPAVI,PENA AZUL CALLE 2 No. 10
LA PAZ,LA PAZ,ALTO MCAL.SANTA CRUZ,av.segundo bascones s/n
,,,
LA PAZ,LA PAZ,ALTO MIRAFLORES,ADRIANA PARIENTE ESQ. URIAS RODRIGUEZ S/N
,,,"Alto Obrajes, Sector B, Av. Del Maestro S/N,"
LA PAZ,LA PAZ,ALTO OBRAJES,frente Iglesia Divino Maestro
,,,"Plaza Civica,parada minibus 237 2da meseta Alto"
LA PAZ,LA PAZ,ALTO SEGUENCOMA,Seguencoma
LA PAZ,LA PAZ,APUMALLA,"Zona Villa Victoria, Av. Apumalla"
LA PAZ,LA PAZ,ASISTENCIA PUBLICA,AVENIDA SIMON BOLIVAR
,,,calle 5 esquina calle 8 de la Avenida Los
LA PAZ,LA PAZ,BAJO LLOJETA,Sargentos
,,,PLAZA 27 DE MAYO ESQ. HEROES DEL PACIFICO
LA PAZ,LA PAZ,BAJO TEJAR,S/N
,,,
,,,ENTRE FINAL CALLE 17 Y PROLONGACION 20
LA PAZ,LA PAZ,BELLA VISTA,DETRAS DEL COLEGIO FRANSISCO DE MIRANDA
,,,CALLE RICARDO BUSTAMANTE Y MARTINEZ
LA PAZ,LA PAZ,BIBLIOTECA,MONJE
,,,
LA PAZ,LA PAZ,BOLOGNIA,Avenida Caballero y Calle 5 Nro 16 Ex Prosalud
,,,
LA PAZ,LA PAZ,C.S ZONGO CHORO,comunidad Monte Verde / Central Zongo Choro
LA PAZ,LA PAZ,CAMSIQUE ZONGO,Valle de Zongo
LA PAZ,LA PAZ,CENTRO DE ORIENTACION FEMENINA,CALLE 5
DEPARTAMENTO,MUNICIPIO,ESTABLECIMIENTO,DIRECCIÓN
,,,Av. Segundo Bascones s/n Segundo Puente
LA PAZ,LA PAZ,CHAMOCO CHICO,Topater
LA PAZ,LA PAZ,CHASQUIPAMPA E. SAENZ,CALLE 51 Y PASAJE 9 ZONA CHASQUIPAMPA
LA PAZ,LA PAZ,CHOQUECHIHUANI,CUENCA HAMPATURI
,,,CALLE RAMIRO CASTILLO S/N ESQUINA  CALLE LA
LA PAZ,LA PAZ,CHUQUIAGUILLO,PAZ
LA PAZ,LA PAZ,CIUDADELA FERROVIARIA,Ciudadela Ferroviaria Calle N° 1 N° 611
,,,CALLE 4 AVENIDA LITORAL / CASA COMUNAL
LA PAZ,LA PAZ,COTA COTA ( LOS PINOS),S/N
LA PAZ,LA PAZ,EL CALVARIO,AV. PERIFERICA S/N
LA PAZ,LA PAZ,EL ROSAL,Calle Gazania entre calles B y Z
,,,
LA PAZ,LA PAZ,EL TEJAR,AV. ENTRE RIOS ESQ. DAMAS DE COTAGAITA S/N
LA PAZ,LA PAZ,ESCOBAR URIA,CALLE 9 S/N
LA PAZ,LA PAZ,HOGAR NIÑO JESUS,CALLE 3
LA PAZ,LA PAZ,INTERCULTURAL BARTOLINA SISA,"Calle Pisagua Nro 650, Final Ingavi"
LA PAZ,LA PAZ,JUANCITO PINTO,GRANEROS Y MURILLO S/N
LA PAZ,LA PAZ,KUPINI,ROGELIO CARRILLO S/N
LA PAZ,LA PAZ,LA GRUTA,AV. 9 DE ABRIL S/N
,,,
LA PAZ,LA PAZ,LA PORTADA,campo deportivo  La Portada - Zona La Portada -
LA PAZ,LA PAZ,LAS DELICIAS CENTRAL,ENTRE CALLE SAN JOSE Y CHULUMANI
LA PAZ,LA PAZ,LLOJETA,AV. MARIO MERCADO
,,,
LA PAZ,LA PAZ,MALLASA,Mallasa calle 2 de febrero - Plaza 2 de febrero
LA PAZ,LA PAZ,MALLASILLA,Av. ILLIMANI ENTRE CALLES 6 Y 7
LA PAZ,LA PAZ,MUNAYPATA,"Av. Naciones Unidas, La Paz"
,,,AVENIDA ZARATE VILLCA ENTRE CALLES 16 DE
LA PAZ,LA PAZ,NIÑO KOLLO,JULIO Y 12 DE ABRIL
LA PAZ,LA PAZ,OBISPO INDABURO,CALLE MERCADO
,,,Av. Hector Ormachea s/n lado Mercado 16 de
LA PAZ,LA PAZ,OBRAJES,Julio Calle 16
LA PAZ,LA PAZ,PAMPAHASI (BAJO),C/7 pampahasi bajo s/n
DEPARTAMENTO,MUNICIPIO,ESTABLECIMIENTO,DIRECCIÓN
LA PAZ,LA PAZ,PAMPAHASI ALTO,Calle "K" y Calle "D"
LA PAZ,LA PAZ,PANTICIRCA,AV. 3 LADO U.E. LUCIO VELASCO  S/N
LA PAZ,LA PAZ,PASANKERY,AV. MARCELO QUIROGA SANTA CRUZ S/N
LA PAZ,LA PAZ,PENAL DE SAN PEDRO,CALLE NICOLAS ACOSTA PLAZA SUCRE
,,,AVENIA ARGENTINA ENTRE CALLES FRANCISCO
LA PAZ,LA PAZ,PENITENCIARIO MIRAFLORES,MIRANDA Y DIAS ROMERO
,,,URBANIZACION PLAN AUTOPISTA MANSANO
LA PAZ,LA PAZ,PLAN AUTOPISTA,"""E""POLI FUNCIONAL S/N"
,,,Pura Pura – Barrio Ferroviario c/ 21 de enero Nº
LA PAZ,LA PAZ,SAID,29 (Parada minibús 332)
LA PAZ,LA PAZ,SAN ANTONIO ALTO,Avenida Josefa Mujia lado aubalcaldia
LA PAZ,LA PAZ,SAN ANTONIO BAJO,Calle costanera s/n
LA PAZ,LA PAZ,SAN ISIDRO,c/3 PASAJE20 SAN ISIDRO BAJO s/N
LA PAZ,LA PAZ,SAN JOSE NATIVIDAD,AVENIDA COSTANERA N 26
,,,
LA PAZ,LA PAZ,SAN JUAN LAZARETO,TEJADA SORZANO S/N ESQUINA SAN SALVADOR
LA PAZ,LA PAZ,SAN LUIS,CALLE CHACO
LA PAZ,LA PAZ,SAN PEDRO BAJO,CALLE GENERAL GONZALES 1322
LA PAZ,LA PAZ,TACAGUA  ALTO,CALLE INCA MAYO S/N
,,,Avenida Julio Tellez y calle Tacagua Parada Mini
LA PAZ,LA PAZ,TACAGUA BAJO,bus 806
LA PAZ,LA PAZ,TEMBLADERANI,CALLE CANONIGO AYLLON N 1271
,,,CALLE MUNOZ CORNEJO N. 2702 ESQUINA
LA PAZ,LA PAZ,USACSIA,MENDEZ ARCOS
LA PAZ,LA PAZ,VALLE HERMOSO,Z/ Valle Hermoso C/ 4 #40
LA PAZ,LA PAZ,VILLA  FATIMA LAS DELICIAS,FINAL YANACACHI AV. LAS DELICIAS SN
LA PAZ,LA PAZ,VILLA  NUEVO POTOSI,Calle manuel Jofre esquina ondarza S/N
,,,
,,,Villa Armonia calle 1 sin numero detras cancha
LA PAZ,LA PAZ,VILLA ARMONIA,picapiedra frente al colegio Waldo Ballivian
LA PAZ,LA PAZ,VILLA COPACABANA (PACASA),Av. Burgaleta y plaza luis Uria
LA PAZ,LA PAZ,VILLA SALOME,Av. Ciudad del Nino lado parada V
LA PAZ,LA PAZ,VILLA VICTORIA,SAN JULIAN - SANTA CRUZ
DEPARTAMENTO,MUNICIPIO,ESTABLECIMIENTO,DIRECCIÓN
,,,AVENIDA BALTAZAR DE SALAS N 60- ZONA VINO
LA PAZ,LA PAZ,VINO TINTO,TINTO
LA PAZ,LAJA,CANTAPA,COMUNIDAD CANTAPA - LAJA
LA PAZ,LAJA,CAPACASI,CAPACASI
LA PAZ,LAJA,CURVA PUCARA,COMUNIDAD CURVA PUCARA
LA PAZ,LAJA,KALLUTACA,Kallutaca (Camino Laja)
LA PAZ,LAJA,LAJA,Av.Bolivar/sin numero
LA PAZ,LAJA,SAN JUAN SATATOTORA,SAN JUAN SATATOTORA
LA PAZ,LAJA,SANTA ROSA,COMUNIDAD SANTA ROSA
,,,AV. DE LAS VOLQUETAS ESQUINA CALLE
LA PAZ,LAJA,TAMBILLO,ALASITAS
LA PAZ,LICOMA PAMPA,CHARAPAXI,"charapaxi,"
LA PAZ,LICOMA PAMPA,LICOMA,"Licoma,villa libertad licoma"
LA PAZ,LURIBAY,ANQUIOMA,COMUNIDAD ANQUIOMA
LA PAZ,LURIBAY,AZAMBO,Comunidad Azambo
LA PAZ,LURIBAY,COLLIRI,COLLIRI
LA PAZ,LURIBAY,LURIBAY,Comunidad luribay
LA PAZ,LURIBAY,MATARA,COMUNIDAD MATARA
LA PAZ,LURIBAY,MURMUNTANI,LURIBAY
LA PAZ,LURIBAY,POROMA,Municipio luribay
LA PAZ,LURIBAY,PORVENIR,GAM LUribay
LA PAZ,LURIBAY,PUCUMA,Municipio luribay
LA PAZ,MALLA,ASIRIRI,GAM DE MALLA
LA PAZ,MALLA,JACHAPAMPA,Municipio de Malla de la provincia Loayza
LA PAZ,MALLA,MALLA,G.A.M. MALLA
LA PAZ,MALLA,RODEO (LPZ),MALLA LOAYZA
LA PAZ,MAPIRI,ACHIQUIRI,ACHIQUIRI
LA PAZ,MAPIRI,CHIMATE,CHIMATE
LA PAZ,MAPIRI,MAPIRI,Mapiri  Calle Mercado y Guanay  Zona 1
LA PAZ,MAPIRI,SANTA ROSA,ZONA 5 SANTA ROSA DE MAPIRI
,,,CERCA DE PLAZA CENTRAL SANTIAGO DE
LA PAZ,MECAPACA,COLLANA,COLLANA
DEPARTAMENTO,MUNICIPIO,ESTABLECIMIENTO,DIRECCIÓN
,,,"PLAZA PRINCIPAL, FRENTE A LA IGLESIA"
LA PAZ,MECAPACA,HUAJCHILLA,COMUNIDAD HUAJCHILLA
LA PAZ,MECAPACA,HUARICANA,HUARICANA
LA PAZ,MECAPACA,KARACARANI,Comunidad caracarani
LA PAZ,MECAPACA,MECAPACA,PLAZA SIMONA MANZANEDA S/N
LA PAZ,MECAPACA,PALOMAR,Comunidad EL Palomar
LA PAZ,MECAPACA,WILACOTA,comunidad wilacota
LA PAZ,MOCOMOCO,ILAVE,COMUNIDAD ILAVE
,,,"Calle Pacaures S/N Poblacion de Italaque,"
,,,Municipio Mocomoco Provincia Camacho
LA PAZ,MOCOMOCO,ITALAQUE,Departamento de La Paz
LA PAZ,MOCOMOCO,MOCO MOCO,CANTON MOCOMOCO
LA PAZ,MOCOMOCO,PACAURES,Canton Pacaures  Calle/
LA PAZ,MOCOMOCO,PACOBAMBA,DISTRITO PACOBAMBA
LA PAZ,MOCOMOCO,QUEÑI,COMUNIDAD QUENI ATINTACA
LA PAZ,MOCOMOCO,QUILIMAS,"DISTRITO QUILIMA,TITICACHI S/N"
,,,COMUNIDAD SAPHIA DISTRITO SAPHIA
LA PAZ,MOCOMOCO,SAPHIA,MUNICIPIO MOCOMOCO
LA PAZ,MOCOMOCO,TAJANI,plaza principal de tajani
LA PAZ,MOCOMOCO,WILA KALA,WILA KALA
LA PAZ,NAZACARA DE PACAJES,NAZACARA,NAZACARA
LA PAZ,PALCA,CAYIMBAYA,COMUNIDAD DE CAYIMBAYA
LA PAZ,PALCA,CHOQUECOTA,MUNICIPIO PALCA
LA PAZ,PALCA,COHONI,comunidad tihuanacu
LA PAZ,PALCA,COTANA,Comunidad Villa Cotaña
LA PAZ,PALCA,OVEJUYO,av litoral # 1578
LA PAZ,PALCA,PALCA (LPZ),Zona Illimani
LA PAZ,PALCA,QUILIHUAYA,PLAZA CENTRAL DE QUILIHUAYA
,,,
LA PAZ,PALCA,TAHUAPALCA,carretera cohoni lado colegio rene barrientos
LA PAZ,PALCA,TIRATA,Tirata
LA PAZ,PALOS BLANCOS,BAJO INICUA,FRENTE A LA CANCHA BAJO INICUA
LA PAZ,PALOS BLANCOS,CHARCAS,COMUNIDAD LOS OLIVOS AREA V
DEPARTAMENTO,MUNICIPIO,ESTABLECIMIENTO,DIRECCIÓN
LA PAZ,PALOS BLANCOS,COCOCHI,cocochi
,,,COM.COVENDO-PALOS BLANCOS-SUD YUNGAS-
LA PAZ,PALOS BLANCOS,COVENDO,LA PAZ-BOLIVIA
LA PAZ,PALOS BLANCOS,EL SILLAR,EL SILLAR
LA PAZ,PALOS BLANCOS,INICUA,INICUA PALOS BLANCOS
LA PAZ,PALOS BLANCOS,LA CASCADA,LOCALIDAD LA CASCADA
LA PAZ,PALOS BLANCOS,LAS DELICIAS,LAS DELICIAS
LA PAZ,PALOS BLANCOS,PALOS BLANCOS,PALOS BLANCOS
LA PAZ,PALOS BLANCOS,POPOY,MUNICIPIO DE PALOS BLANCOS
LA PAZ,PALOS BLANCOS,PUERTO CARMEN,Distrito Puerto Carmen
LA PAZ,PALOS BLANCOS,SAN JOSE,SANJOSE
LA PAZ,PALOS BLANCOS,SAN MIGUEL DE HUACHI,San Miguel de Huachi
LA PAZ,PALOS BLANCOS,SAN PEDRO DE COGOTAY,SAN PEDRO DE COGOTAY-CALLE SAN PERU
LA PAZ,PALOS BLANCOS,SANTA ANA DE MOSETENES,DISTRITO SANTA ANA
LA PAZ,PALOS BLANCOS,SAPECHO,SAPECHO. AV. SAPECHO
LA PAZ,PALOS BLANCOS,TUCUPI,MUNICIPIO PALOS BLANCOS
LA PAZ,PALOS BLANCOS,VILLA CONCEPCION,VILLA CONCEPCION
,,,CALLE ORURO ENTRE HUGO SALLEZ Y CAMPO
LA PAZ,PAPEL PAMPA,ESCALONA,FERIAL DE TOROS
,,,A UNA CUADRA DE LA CANCHA Y LA U.E. SANTOS
LA PAZ,PAPEL PAMPA,MOLLEBAMBA,MARKA TOLA
LA PAZ,PAPEL PAMPA,PAPEL PAMPA,PAPEL PAMPA
LA PAZ,PAPEL PAMPA,RIVERA ALTA,RIVERA ALTA
LA PAZ,PAPEL PAMPA,UNUPATA,A UNA CUADRA DE LA PLAZA PRINCIPAL
LA PAZ,PATACAMAYA,CHIARAQUE,CANTON CHIARAQUE
,,,"CHIARUMANI CANTON CHIARUMANI,"
LA PAZ,PATACAMAYA,CHIARUMANI,MUNICIPIO DE PATACAMAYA
,,,
LA PAZ,PATACAMAYA,COLCHANI,MUNICIPIO PATACAMAYA CANTON COLCHANI
LA PAZ,PATACAMAYA,VISCACHANI,VISCACHANI
LA PAZ,PELECHUCO,ANTAQUILLA,Comunidad Antaquilla
LA PAZ,PELECHUCO,HICHOCOLLO,HICHOCOLLO CENTRO SIN NUMERO
LA PAZ,PELECHUCO,HILO HILO,SAN JUAN DE HILO HILO
DEPARTAMENTO,MUNICIPIO,ESTABLECIMIENTO,DIRECCIÓN
LA PAZ,PELECHUCO,P.S. PUYU PUYU,Sin registro
LA PAZ,PELECHUCO,PELECHUCO,ZONA OBRAJES
LA PAZ,PELECHUCO,SUCHEZ,CALLE SALIDA A SAN ANTONIO SUCHEZ
LA PAZ,PELECHUCO,ULLA ULLA,ULLA ULLA
LA PAZ,PUCARANI,AYGACHI,CANTON AYGACHI
LA PAZ,PUCARANI,CATAVI,Plaza Central Catavi
LA PAZ,PUCARANI,CHIARPATA,CHIARPATA
LA PAZ,PUCARANI,CHOJASIVI,Canton Chojasivi Carretera Huacullani
LA PAZ,PUCARANI,COHANA,PLAZA CENTRAL COHANA
LA PAZ,PUCARANI,CORAPATA,Frente la plaza  central de  Corapata
LA PAZ,PUCARANI,LACAYA,PLAZA GERMAN BUCH
LA PAZ,PUCARANI,PALCOCO,carretera Panamericana altura palcoco
LA PAZ,PUCARANI,PATAMANTA,PLAZA TUPAK AMARU
LA PAZ,PUCARANI,PUCARANI,Poblacion de Pucarani Calle Colon s/n
,,,A UNA CUADRA DE LA PLAZA PRINCIPAL DE
LA PAZ,PUCARANI,VILLA IQUIACA,IQUIACA
LA PAZ,PUCARANI,VILLA VILAQUE,VILLA VILAQUE AV. INGAVI
LA PAZ,PUERTO ACOSTA,CHIÑAYA,CALLE LA PAZ
LA PAZ,PUERTO ACOSTA,COTAPATA,COTAPATA
LA PAZ,PUERTO ACOSTA,IQUIPUNI,SOBRE CARRETERA PRINCIPAL
LA PAZ,PUERTO ACOSTA,PASUJA BELEN,PUERTO BELEN PASUJA
,,,
LA PAZ,PUERTO ACOSTA,PUERTO ACOSTA,CARRETERA PANAMERICANA PERU - BOLIVIA
LA PAZ,PUERTO ACOSTA,SALLACUCHO,SALLACUCHO
LA PAZ,PUERTO CARABUCO,AGUAS CALIENTES,COMUNIDAD AGUAS CALIENTES
LA PAZ,PUERTO CARABUCO,AMBANA,Localidad Ambana
LA PAZ,PUERTO CARABUCO,CARABUCO,MARCA HILATA
LA PAZ,PUERTO CARABUCO,CHAGUAYA,PLAZA PRINCIPAL DE CHAGUAYA
LA PAZ,PUERTO CARABUCO,CHUANI,COMUNIDAD CHUANI
LA PAZ,PUERTO CARABUCO,COPUSQUIA,CENTRO POBLADO COPUSQUIA
LA PAZ,PUERTO CARABUCO,CRUZ PATA,Cruz Pata s/n
LA PAZ,PUERTO CARABUCO,HUILACUNCA,COMUNIDAD HUILACUNCA
LA PAZ,PUERTO CARABUCO,MOLLIPONGO,PLAZA PRINCIPAL DE MOLLIPONGO
DEPARTAMENTO,MUNICIPIO,ESTABLECIMIENTO,DIRECCIÓN
LA PAZ,PUERTO CARABUCO,SANTIAGO DE OKOLA,plaza principal SANTIAGO DE OKOLA
LA PAZ,PUERTO CARABUCO,YARICOA,YARICOA BAJO
LA PAZ,PUERTO PEREZ,CUMANA,PLAZA PRINCIPAL CUMANA
,,,CALLE CALAMA ESQUINA ANTOFAGASTA S/N
LA PAZ,PUERTO PEREZ,PUERTO PEREZ,S/N
LA PAZ,PUERTO PEREZ,QUEHUAYA,AV. PRINCIPAL ALTURA CANCHA
LA PAZ,PUERTO PEREZ,SURIQUI,COMUNIDAD YAWIRJANI
LA PAZ,QUIABAYA,QUIABAYA,quiabaya
LA PAZ,QUIME,CHOQUETANGA,Choquetanga zona valle grande
LA PAZ,QUIME,MINA ARGENTINA,MINA CARACOLES
LA PAZ,QUIME,PONGO B2,CANTON PONGO B 2
LA PAZ,QUIME,QUIME,C. SALATIEL HELGUERO S/N QUIME
,,,
LA PAZ,SAN ANDRES DE MACHACA,CONCHACOLLO,CONCHACOLLO
,,,
LA PAZ,SAN ANDRES DE MACHACA,LAQUINAMAYA,LAQUINAMAYA
,,,
LA PAZ,SAN ANDRES DE MACHACA,SAN ANDRES DE MACHACA,SAN ANDRES DE MACHACA
,,,
LA PAZ,SAN ANDRES DE MACHACA,TATA PEPE,COMUNIDAD ROSAPATA
,,,
LA PAZ,SAN ANDRES DE MACHACA,VILLA PUSUMA,VILLA PUSUMA
,,,CARRETERA SAN BUENAVENTURA - TUMUPASA
LA PAZ,SAN BUENA VENTURA,25 DE MAYO,35KM
LA PAZ,SAN BUENA VENTURA,COMUNIDAD BUENAVISTA,Zona San Pedro frente a sede social S/n
LA PAZ,SAN BUENA VENTURA,SAN BUENAVENTURA,CALLE 20 DE OCTUBRE
LA PAZ,SAN BUENA VENTURA,SAN JOSE DE CHUPIAMONAS,COMUNIDAD SAN JOSE
,,,
,,,Carretera a Ixiamas zona Horizontes. Tumupasa
LA PAZ,SAN BUENA VENTURA,TUMUPASA,Mun. San Buenaventura Prov. Iturralde
,SAN PEDRO DE,,
LA PAZ,CURAHUARA,CHOJNA,COM. CHOJÑA
DEPARTAMENTO,MUNICIPIO,ESTABLECIMIENTO,DIRECCIÓN
,SAN PEDRO DE,,
LA PAZ,CURAHUARA,JALSURI,comunidad de jalsuri
,SAN PEDRO DE,,JANKO MARCA A 2 CUADRAS DE LA PLAZA
LA PAZ,CURAHUARA,JANKO MARCA,PRINCIPAL
,SAN PEDRO DE,,
LA PAZ,CURAHUARA,LLOKOHUTA,COMUNIDAD WALDO BALLIVIAN LLOCOHUTA
,SAN PEDRO DE,,PLAZA PRINCIPAL 16 DE JULIO"SAN PEDRO DE
LA PAZ,CURAHUARA,SAN PEDRO DE CURAHUARA,CURAHUARA"
,SAN PEDRO DE,,
LA PAZ,CURAHUARA,VILLA MANQUIRI,COMUNIDAD ORIGINARIA VILLA MANQUIRI
LA PAZ,SAN PEDRO DE TIQUINA,OJJE,SANTIAGO DE OJJE
,,,
LA PAZ,SAN PEDRO DE TIQUINA,SAN PEDRO DE TIQUINA,"San Pedro de Tiquina, Calle Santa Barbara sin Nº"
,,,"SAN PABLO DE TIQUINA, PRIMERA ZONA, PLAZA"
LA PAZ,SAN PEDRO DE TIQUINA,TIQUINA,"5 DE AGOSTO, s/n"
LA PAZ,SAN PEDRO DE TIQUINA,VILLA AMACARI,VILLA AMACARI
,,,"AVENIDA PRINCIPAL, 5 CUADRAS ANTES DE"
LA PAZ,SANTIAGO DE CALLAPA,CALLAPA,LLEGAR A LA PLAZA PRINCIPAL 25 DE JULIO
LA PAZ,SANTIAGO DE CALLAPA,CALTECA,CALTECA
LA PAZ,SANTIAGO DE CALLAPA,CANUTA,CANUTA
LA PAZ,SANTIAGO DE CALLAPA,VILLA PUCHUNI,COMUNIDAD VILLA PUCHUNI
LA PAZ,SANTIAGO DE CALLAPA,YARIBAY,YARIBAY
LA PAZ,SANTIAGO DE HUATA,KALAQUE,LADO PLAZA PRINCIPAL DE WATARI
LA PAZ,SANTIAGO DE HUATA,SANTIAGO DE HUATA,CALLE PEDRO DOMINGO MURILLO S/N
,,,MUNICIPIO SANTIAGO DE HUATA CANTON
LA PAZ,SANTIAGO DE HUATA,TAJOCACHI,KALAQUE
LA PAZ,SANTIAGO DE MACHACA,BERENGUELA,BERENGUELA
LA PAZ,SANTIAGO DE MACHACA,HUARIPUJO,huaripujo
LA PAZ,SANTIAGO DE MACHACA,SANTIAGO DE MACHACA,Av. German Busch S/N Santiago de Machaca
LA PAZ,SANTIAGO DE MACHACA,VILLA EXALTACION,VILLA EXALTACION
LA PAZ,SAPAHAQUI,CARACATO,PLAZA DE CARACATO AVENIDA LA PAZ
LA PAZ,SAPAHAQUI,KHOLA,"Sapahaqui, ricon Cairoma y Luribay"
LA PAZ,SAPAHAQUI,MURUHUTA,A UNA CUADRA  DE LA PLAZA MURUHUTA
DEPARTAMENTO,MUNICIPIO,ESTABLECIMIENTO,DIRECCIÓN
LA PAZ,SAPAHAQUI,SAPAHAQUI,Plaza Principal de Sapahaqui
,,,COMUNIDAD COLLPAPUCHO BELEN ZONA
LA PAZ,SICA SICA (VILLA AROMA,) BELEN,COLLPAPUCHO
,,,
LA PAZ,SICA SICA (VILLA AROMA,) CHIJMUNI,cOMUNIDAD CENTRO CHIJMUNI
,,,
LA PAZ,SICA SICA (VILLA AROMA,) CHUACOLLO,COMUNIDAD CHUACOLLO
,,,la paz provincia. aroma municipio Sica Sica
LA PAZ,SICA SICA (VILLA AROMA,) JARUMA,localidad jaruma
,,,Avenida Panamericana y Avenida Zarate Villca
LA PAZ,SICA SICA (VILLA AROMA,) KONANI,s/n
,,,
LA PAZ,SICA SICA (VILLA AROMA,) LAHUACHACA,LAHUACHACA AVENIDA PANORAMICA
,,,
LA PAZ,SICA SICA (VILLA AROMA,) MACHACAMARCA,G.A.M SICA  SICA   DISTRITO MACHACAMARCA
,,,
LA PAZ,SICA SICA (VILLA AROMA,) PANDURO,COMUNIDAD PANDURO AV. PANAMERICANA
,,,
LA PAZ,SICA SICA (VILLA AROMA,) SICA SICA,Av. Panoramica sin numero
,,,
LA PAZ,SICA SICA (VILLA AROMA,) VILLA ESTEBAN ARCE,Villa Esteban Arce
LA PAZ,SORATA,ANCOMA,Plaza principal Localidad de Ancoma Sur
LA PAZ,SORATA,CHUCHULAYA,CHUCHULAYA LADO DE IGLESIA
LA PAZ,SORATA,CHUSSI,comunidad Chussi
,,,PROVINCIA LARECAJA 1RA SECCION SORATA  C.S.
LA PAZ,SORATA,ILABAYA(CHEJJE),CHEJJE
,,,PROVINCIA LARECAJA 1RA SECCION SORATA C.S.
LA PAZ,SORATA,LARIPATA,LARIPATA
LA PAZ,SORATA,MILLIPAYA,MILLIPAYA
LA PAZ,SORATA,NATHALIE ESTEPHANIE - ILABAYA,PLAZA DE ILABAYA
LA PAZ,SORATA,OBISPO BOSQUE,CALA CALA
LA PAZ,SORATA,SORATA,Av Villamil de Rada s/ntu
LA PAZ,SORATA,VIACHA - SORATA,VIACHA
DEPARTAMENTO,MUNICIPIO,ESTABLECIMIENTO,DIRECCIÓN
LA PAZ,SORATA,YANI,COMUNIDAD INGENIO
LA PAZ,TACACOMA,CHUMISA,CHUMISA
LA PAZ,TACACOMA,CONZATA,CONZATA
LA PAZ,TACACOMA,INCACHACA,SOBRE LA CARRETERA
LA PAZ,TACACOMA,PALLAYUNGA,PALLAYUNGA
,,,"PROV.LARECAJA, MUNICIPIO DE TACACOMA,"
LA PAZ,TACACOMA,SECTOR UNO,3RA SECCION DE CONZATA
LA PAZ,TACACOMA,TACACHACA,COMUNIDAD DE TACHACA
,,,CAMINO A CHUMISA DEBAJO DEL COLEGIO 16
LA PAZ,TACACOMA,TACACOMA,DE JULIO
LA PAZ,TARACO,CHIRIPA,cerca a la escuela chiripa
LA PAZ,TARACO,COACOLLO,A LADO DE UNIDAD EDUCATIVA LITORAL
LA PAZ,TARACO,JAHUIRA PAMPA,JAHUIRA PAMPA CERCA A LA IGLESIA
,,,CERCA A LA SEDE SOCIAL  COMUNIDAD
LA PAZ,TARACO,NACHOCA,ÑACHOCA
LA PAZ,TARACO,TARACO,"plaza 16 de julio, FRENTE A LA UE. TARACO"
LA PAZ,TEOPONTE,ALTO TOMACHI,COMUNIDAD ALTO TOMACHI
LA PAZ,TEOPONTE,MAYAYA,MAYAYA
LA PAZ,TEOPONTE,SANTO DOMINGO,Comunidad Santo Domingo
LA PAZ,TEOPONTE,TAJLIHUI,comunidad TAJLIHUI
LA PAZ,TEOPONTE,TEOPONTE,teopontre
LA PAZ,TEOPONTE,TOMACHI,TOMACHI
LA PAZ,TEOPONTE,VILLA AROMA,villa aroma
LA PAZ,TIAWANACU,ACHACA,Achaca. Municipio Tiahuanacu
LA PAZ,TIAWANACU,CALUYO,COMUNIDAD CALUYO
,,,Comunidad Huacullani- Municipio Tiahuanacu-
LA PAZ,TIAWANACU,HUACULLANI,Provincia Ingavi
LA PAZ,TIAWANACU,PILLAPI,CERCA A LA ESCUELA DE PILLAPI
LA PAZ,TIAWANACU,TIAHUANACU,CERCA A LA  PLAZA  DE  TIAHUANACU
LA PAZ,TIPUANI,CHIMA,CHIMA-SEAL SIN NUMERO
LA PAZ,TIPUANI,CHUQUINI,chuquini
LA PAZ,TIPUANI,TIPUANI,BARRIO CENTRAL
LA PAZ,TIPUANI,UNUTULUNI,UNUTULINI- CEJA
DEPARTAMENTO,MUNICIPIO,ESTABLECIMIENTO,DIRECCIÓN
,TITO YUPANQUI,,
LA PAZ,(PARQUIPUJIO),HUATAPAMPA,COMUNIDAD HUATAPAMPA
,TITO YUPANQUI,,
LA PAZ,(PARQUIPUJIO),TITO YUPANQUI,junta vecinal porvenir
LA PAZ,UMALA,CANAVIRI,PLAZA DEL PUEBLO
,,,"MUNICIPIO UMALA, ASUNCION DE"
LA PAZ,UMALA,HUANCARAMA,HUANCARAMA
LA PAZ,UMALA,HUARI BELEN,huari belen
LA PAZ,UMALA,KELLHUIRI,kellhuiri
LA PAZ,UMALA,SAN JOSE DE LLANGA,SAN JOSE DE LLANGA
,,,
,,,MUNICIPIO UMALA. SANTIAGO DE COLLANA.
LA PAZ,UMALA,SANTIAGO DE COLLANA,COMUNIDAD: CAYLLAHUANCARAMA
LA PAZ,UMALA,UMALA,Umala
LA PAZ,VIACHA,CHACOMA - VIACHA,ZONA 3 AV. CHACOMA
LA PAZ,VIACHA,COLLAGUA,SAN VICENTE DE COLLAGUA
LA PAZ,VIACHA,CONIRI,COMUNIDAD CONIRI
,,,Av. Mario Chambi entre calle rosas de viacha y
LA PAZ,VIACHA,FLORIDA,ritama
LA PAZ,VIACHA,HILATA CENTRO,AL LADO DEL COLEGIO PLAZA
LA PAZ,VIACHA,JALSURI,COMUNIDAD JALSURI
,,,
LA PAZ,VIACHA,TILATA,Z/Tilata  Distrito 7 de Viacha calle Acasia S/N
,,,Zona Kennedy entre Avenida Ismael Montes B y
LA PAZ,VIACHA,VIACHA,calle Pisagua
LA PAZ,VIACHA,VILLA REMEDIOS,VILLA REMEDIOS
,,,
LA PAZ,WALDO BALLIVIAN,TUMARAPI,Prov. Pacajes. Mun. Waldo Ballivian Tumarapi
,,,CARRETERA  A QUIME  FRENTE AL EX MODULO
LA PAZ,YACO,CAXATA,POLICIAL COMUNIDAD CAXATA
LA PAZ,YACO,CHALLOMA,CHALLOMA
,,,
LA PAZ,YACO,CHUCAMARCA,LADO CANCHA COMMUNIDAD CHUCAMARCA
DEPARTAMENTO,MUNICIPIO,ESTABLECIMIENTO,DIRECCIÓN
LA PAZ,YACO,CONCHAMARCA,LADO ESCUELA
LA PAZ,YACO,HORNUNI,Hornuni
LA PAZ,YACO,PAMPAJASI,PLAZA PRINCIPAL
LA PAZ,YACO,TABLACHACA,tablachaca
LA PAZ,YACO,VILLA PUCHUNI (YACO),PUCHUNI
LA PAZ,YACO,YACO,INGRESO A LA COMUNIDAD DE YACO
LA PAZ,YANACACHI,CHACO,chaco Lado Castillo
LA PAZ,YANACACHI,CHOJLLA,campamento minero chojlla
LA PAZ,YANACACHI,PUENTE VILLA,Puente Villa
LA PAZ,YANACACHI,SANTA ROSA DE CHACALA (LPZ),chacala
LA PAZ,YANACACHI,YANACACHI,desvio Sacahuaya (hidroelectrica Boliviana)
